type,id,category,name
product,baby-cardigan-cream,baby,"Baby Cardigan - Cream"
product,baby-cardigan-gray,baby,"Baby Cardigan - Gray"
product,baby-cardigan-pink,baby,"Baby Cardigan - Pink"
product,baby-dress-pink,baby,"Baby Dress - Pink"
product,baby-dress-white,baby,"Baby Dress - White"
product,baby-dress-yellow,baby,"Baby Dress - Yellow"
product,baby-onesie-blue,baby,"Baby Onesie - Blue"
product,baby-onesie-pink,baby,"Baby Onesie - Pink"
product,baby-onesie-white,baby,"Baby Onesie - White"
product,baby-pants-cream,baby,"Baby Pants - Cream"
product,baby-pants-gray,baby,"Baby Pants - Gray"
product,baby-pants-navy,baby,"Baby Pants - Navy"
product,baby-romper-gray,baby,"Baby Romper - Gray"
product,baby-romper-mint,baby,"Baby Romper - Mint"
product,baby-romper-yellow,baby,"Baby Romper - Yellow"
product,boys-button-shirt-blue,boys,"Boys Button Shirt - Blue"
product,boys-button-shirt-navy,boys,"Boys Button Shirt - Navy"
product,boys-button-shirt-white,boys,"Boys Button Shirt - White"
product,boys-chino-pants-beige,boys,"Boys Chino Pants - Beige"
product,boys-chino-pants-gray,boys,"Boys Chino Pants - Gray"
product,boys-chino-pants-navy,boys,"Boys Chino Pants - Navy"
product,boys-polo-shirt-navy,boys,"Boys Polo Shirt - Navy"
product,boys-polo-shirt-red,boys,"Boys Polo Shirt - Red"
product,boys-polo-shirt-white,boys,"Boys Polo Shirt - White"
product,boys-shorts-olive,boys,"Boys Shorts - Olive"
product,boys-sweater-burgundy,boys,"Boys Sweater - Burgundy"
product,boys-sweater-gray,boys,"Boys Sweater - Gray"
product,boys-sweater-navy,boys,"Boys Sweater - Navy"
product,girls-cardigan-cream,girls,"Girls Cardigan - Cream"
product,girls-cardigan-gray,girls,"Girls Cardigan - Gray"
product,girls-floral-dress-yellow,girls,"Girls Floral Dress - Yellow"
product,girls-leggings-black,girls,"Girls Leggings - Black"
product,girls-leggings-pink,girls,"Girls Leggings - Pink"
product,girls-leggings-purple,girls,"Girls Leggings - Purple"
product,girls-tutu-skirt-blue,girls,"Girls Tutu Skirt - Blue"
product,girls-tutu-skirt-pink,girls,"Girls Tutu Skirt - Pink"
product,girls-tutu-skirt-purple,girls,"Girls Tutu Skirt - Purple"
product,kids-backpack-gray,kids,"Kids Backpack - Gray"
product,kids-backpack-navy,kids,"Kids Backpack - Navy"
product,kids-backpack-pink,kids,"Kids Backpack - Pink"
product,kids-beanie-gray,kids,"Kids Beanie - Gray"
product,kids-beanie-navy,kids,"Kids Beanie - Navy"
product,kids-beanie-pink,kids,"Kids Beanie - Pink"
product,kids-belt-black,kids,"Kids Belt - Black"
product,kids-belt-brown,kids,"Kids Belt - Brown"
product,kids-belt-navy,kids,"Kids Belt - Navy"
product,kids-boots-black,kids,"Kids Boots - Black"
product,kids-boots-brown,kids,"Kids Boots - Brown"
product,kids-boots-pink,kids,"Kids Boots - Pink"
product,kids-denim-jacket-black,kids,"Kids Denim Jacket - Black"
product,kids-denim-jacket-blue,kids,"Kids Denim Jacket - Blue"
product,kids-gloves-black,kids,"Kids Gloves - Black"
product,kids-gloves-gray,kids,"Kids Gloves - Gray"
product,kids-gloves-pink,kids,"Kids Gloves - Pink"
product,kids-graphic-tee-blue,kids,"Kids Graphic T-Shirt - Blue"
product,kids-hoodie-gray,kids,"Kids Hoodie - Gray"
product,kids-hoodie-navy,kids,"Kids Hoodie - Navy"
product,kids-hoodie-pink,kids,"Kids Hoodie - Pink"
product,kids-joggers-black,kids,"Kids Joggers - Black"
product,kids-joggers-gray,kids,"Kids Joggers - Gray"
product,kids-joggers-navy,kids,"Kids Joggers - Navy"
product,kids-mary-janes-black,kids,"Kids Mary Janes - Black"
product,kids-mary-janes-brown,kids,"Kids Mary Janes - Brown"
product,kids-mary-janes-pink,kids,"Kids Mary Janes - Pink"
product,kids-puffer-jacket-black,kids,"Kids Puffer Jacket - Black"
product,kids-sandals-brown,kids,"Kids Sandals - Brown"
product,kids-sandals-navy,kids,"Kids Sandals - Navy"
product,kids-sandals-pink,kids,"Kids Sandals - Pink"
product,kids-scarf-gray,kids,"Kids Scarf - Gray"
product,kids-scarf-navy,kids,"Kids Scarf - Navy"
product,kids-scarf-red,kids,"Kids Scarf - Red"
product,kids-slip-ons-black,kids,"Kids Slip-On Shoes - Black"
product,kids-slip-ons-gray,kids,"Kids Slip-On Shoes - Gray"
product,kids-slip-ons-navy,kids,"Kids Slip-On Shoes - Navy"
product,kids-sneakers-navy,kids,"Kids Sneakers - Navy"
product,mens-backpack-black,mens,"Leather Backpack - Black"
product,mens-backpack-brown,mens,"Leather Backpack - Brown"
product,mens-backpack-navy,mens,"Leather Backpack - Navy"
product,mens-bomber-jacket-olive,mens,"Bomber Jacket - Olive"
product,mens-cable-knit-cream,mens,"Cable Knit Sweater - Cream"
product,mens-cable-knit-gray,mens,"Cable Knit Sweater - Gray"
product,mens-cable-knit-navy,mens,"Cable Knit Sweater - Navy"
product,mens-cardigan-black,mens,"Button Cardigan - Black"
product,mens-cardigan-gray,mens,"Button Cardigan - Gray"
product,mens-cardigan-navy,mens,"Button Cardigan - Navy"
product,mens-cargo-pants-beige,mens,"Cargo Pants - Beige"
product,mens-cargo-pants-black,mens,"Cargo Pants - Black"
product,mens-cargo-pants-olive,mens,"Cargo Pants - Olive"
product,mens-chelsea-boots-tan,mens,"Chelsea Boots - Tan"
product,mens-denim-jacket-gray,mens,"Denim Jacket - Gray"
product,mens-denim-shirt-black,mens,"Denim Shirt - Black"
product,mens-denim-shirt-blue,mens,"Denim Shirt - Blue"
product,mens-denim-shirt-gray,mens,"Denim Shirt - Gray"
product,mens-desert-boots-black,mens,"Desert Boots - Black"
product,mens-desert-boots-brown,mens,"Desert Boots - Brown"
product,mens-desert-boots-sand,mens,"Desert Boots - Sand"
product,mens-dress-shirt-black,mens,"Dress Shirt - Black"
product,mens-dress-shirt-blue,mens,"Dress Shirt - Blue"
product,mens-dress-shirt-white,mens,"Dress Shirt - White"
product,mens-essential-tee-black,mens,"Essential T-Shirt - Black"
product,mens-essential-tee-gray,mens,"Essential T-Shirt - Gray"
product,mens-essential-tee-navy,mens,"Essential T-Shirt - Navy"
product,mens-essential-tee-white,mens,"Essential T-Shirt - White"
product,mens-flannel-shirt-blue,mens,"Flannel Shirt - Blue"
product,mens-flannel-shirt-gray,mens,"Flannel Shirt - Gray"
product,mens-flannel-shirt-red,mens,"Flannel Shirt - Red"
product,mens-henley-gray,mens,"Henley Shirt - Gray"
product,mens-henley-navy,mens,"Henley Shirt - Navy"
product,mens-henley-white,mens,"Henley Shirt - White"
product,mens-joggers-black,mens,"Joggers - Black"
product,mens-joggers-gray,mens,"Joggers - Gray"
product,mens-joggers-navy,mens,"Joggers - Navy"
product,mens-knit-polo-black,mens,"Knit Polo - Black"
product,mens-knit-polo-gray,mens,"Knit Polo - Gray"
product,mens-knit-polo-navy,mens,"Knit Polo - Navy"
product,mens-leather-belt-tan,mens,"Leather Belt - Tan"
product,mens-leather-briefcase-black,mens,"Leather Briefcase - Black"
product,mens-leather-briefcase-brown,mens,"Leather Briefcase - Brown"
product,mens-leather-briefcase-tan,mens,"Leather Briefcase - Tan"
product,mens-leather-jacket-black,mens,"Leather Biker Jacket - Black"
product,mens-leather-jacket-brown,mens,"Leather Biker Jacket - Brown"
product,mens-leather-oxford-black,mens,"Leather Oxford Shoes - Black"
product,mens-leather-oxford-brown,mens,"Leather Oxford Shoes - Brown"
product,mens-leather-oxford-tan,mens,"Leather Oxford Shoes - Tan"
product,mens-leather-sneakers-black,mens,"Leather Sneakers - Black"
product,mens-leather-sneakers-navy,mens,"Leather Sneakers - Navy"
product,mens-leather-sneakers-white,mens,"Leather Sneakers - White"
product,mens-leather-wallet-black,mens,"Leather Wallet - Black"
product,mens-leather-wallet-brown,mens,"Leather Wallet - Brown"
product,mens-leather-wallet-navy,mens,"Leather Wallet - Navy"
product,mens-linen-shirt-beige,mens,"Linen Shirt - Beige"
product,mens-linen-shirt-navy,mens,"Linen Shirt - Navy"
product,mens-linen-shirt-white,mens,"Linen Shirt - White"
product,mens-linen-trousers-beige,mens,"Linen Trousers - Beige"
product,mens-linen-trousers-navy,mens,"Linen Trousers - Navy"
product,mens-linen-trousers-white,mens,"Linen Trousers - White"
product,mens-long-sleeve-polo-black,mens,"Long Sleeve Polo - Black"
product,mens-long-sleeve-polo-burgundy,mens,"Long Sleeve Polo - Burgundy"
product,mens-long-sleeve-polo-navy,mens,"Long Sleeve Polo - Navy"
product,mens-messenger-bag-olive,mens,"Messenger Bag - Olive"
product,mens-pique-polo-black,mens,"Piqué Polo - Black"
product,mens-pique-polo-navy,mens,"Piqué Polo - Navy"
product,mens-pique-polo-red,mens,"Piqué Polo - Red"
product,mens-pique-polo-white,mens,"Piqué Polo - White"
product,mens-puffer-jacket-black,mens,"Puffer Jacket - Black"
product,mens-puffer-jacket-navy,mens,"Puffer Jacket - Navy"
product,mens-puffer-jacket-olive,mens,"Puffer Jacket - Olive"
product,mens-relaxed-fit-tee-black,mens,"Relaxed Fit T-Shirt - Black"
product,mens-relaxed-fit-tee-navy,mens,"Relaxed Fit T-Shirt - Navy"
product,mens-relaxed-fit-tee-white,mens,"Relaxed Fit T-Shirt - White"
product,mens-running-shoes-black,mens,"Running Shoes - Black"
product,mens-running-shoes-gray,mens,"Running Shoes - Gray"
product,mens-running-shoes-white,mens,"Running Shoes - White"
product,mens-silk-tie-black,mens,"Silk Tie - Black"
product,mens-silk-tie-burgundy,mens,"Silk Tie - Burgundy"
product,mens-silk-tie-navy,mens,"Silk Tie - Navy"
product,mens-slim-chinos-olive,mens,"Slim Chinos - Olive"
product,mens-straight-jeans-gray,mens,"Straight Jeans - Gray"
product,mens-striped-tee-black,mens,"Striped T-Shirt - Black"
product,mens-striped-tee-navy,mens,"Striped T-Shirt - Navy"
product,mens-striped-tee-red,mens,"Striped T-Shirt - Red"
product,mens-suede-loafers-black,mens,"Suede Loafers - Black"
product,mens-suede-loafers-brown,mens,"Suede Loafers - Brown"
product,mens-suede-loafers-navy,mens,"Suede Loafers - Navy"
product,mens-sunglasses-black,mens,"Aviator Sunglasses - Black"
product,mens-sunglasses-gold,mens,"Aviator Sunglasses - Gold"
product,mens-sunglasses-silver,mens,"Aviator Sunglasses - Silver"
product,mens-toiletry-bag-black,mens,"Leather Toiletry Bag - Black"
product,mens-toiletry-bag-brown,mens,"Leather Toiletry Bag - Brown"
product,mens-toiletry-bag-tan,mens,"Leather Toiletry Bag - Tan"
product,mens-trench-coat-beige,mens,"Trench Coat - Beige"
product,mens-trench-coat-black,mens,"Trench Coat - Black"
product,mens-trench-coat-navy,mens,"Trench Coat - Navy"
product,mens-turtleneck-black,mens,"Turtleneck Sweater - Black"
product,mens-turtleneck-cream,mens,"Turtleneck Sweater - Cream"
product,mens-turtleneck-navy,mens,"Turtleneck Sweater - Navy"
product,mens-weekend-bag-black,mens,"Weekend Bag - Black"
product,mens-weekend-bag-brown,mens,"Weekend Bag - Brown"
product,mens-weekend-bag-navy,mens,"Weekend Bag - Navy"
product,mens-wool-scarf-burgundy,mens,"Wool Scarf - Burgundy"
product,mens-zip-sweater-black,mens,"Half-Zip Sweater - Black"
product,mens-zip-sweater-gray,mens,"Half-Zip Sweater - Gray"
product,mens-zip-sweater-navy,mens,"Half-Zip Sweater - Navy"
product,womens-backpack-black,womens,"Leather Backpack - Black"
product,womens-backpack-brown,womens,"Leather Backpack - Brown"
product,womens-backpack-navy,womens,"Leather Backpack - Navy"
product,womens-ballet-flats-black,womens,"Ballet Flats - Black"
product,womens-ballet-flats-nude,womens,"Ballet Flats - Nude"
product,womens-ballet-flats-red,womens,"Ballet Flats - Red"
product,womens-bodysuit-black,womens,"Bodysuit - Black"
product,womens-bodysuit-nude,womens,"Bodysuit - Nude"
product,womens-bodysuit-white,womens,"Bodysuit - White"
product,womens-bomber-jacket-black,womens,"Bomber Jacket - Black"
product,womens-bomber-jacket-navy,womens,"Bomber Jacket - Navy"
product,womens-bomber-jacket-olive,womens,"Bomber Jacket - Olive"
product,womens-cable-knit-cardigan-cream,womens,"Cable Knit Cardigan - Cream"
product,womens-cable-knit-cardigan-gray,womens,"Cable Knit Cardigan - Gray"
product,womens-cable-knit-cardigan-navy,womens,"Cable Knit Cardigan - Navy"
product,womens-cargo-pants-beige,womens,"Cargo Pants - Beige"
product,womens-cargo-pants-black,womens,"Cargo Pants - Black"
product,womens-cargo-pants-olive,womens,"Cargo Pants - Olive"
product,womens-cashmere-sweater-black,womens,"Cashmere Sweater - Black"
product,womens-cashmere-sweater-camel,womens,"Cashmere Sweater - Camel"
product,womens-cashmere-sweater-gray,womens,"Cashmere Sweater - Gray"
product,womens-clutch-black,womens,"Evening Clutch - Black"
product,womens-clutch-gold,womens,"Evening Clutch - Gold"
product,womens-clutch-silver,womens,"Evening Clutch - Silver"
product,womens-cotton-tee-black,womens,"Cotton T-Shirt - Black"
product,womens-cotton-tee-gray,womens,"Cotton T-Shirt - Gray"
product,womens-cotton-tee-navy,womens,"Cotton T-Shirt - Navy"
product,womens-cotton-tee-white,womens,"Cotton T-Shirt - White"
product,womens-crop-top-black,womens,"Crop Top - Black"
product,womens-crop-top-pink,womens,"Crop Top - Pink"
product,womens-crop-top-white,womens,"Crop Top - White"
product,womens-cropped-cardigan-pink,womens,"Cropped Cardigan - Pink"
product,womens-crossbody-bag-burgundy,womens,"Crossbody Bag - Burgundy"
product,womens-denim-jacket-black,womens,"Denim Jacket - Black"
product,womens-denim-jacket-blue,womens,"Denim Jacket - Blue"
product,womens-denim-jacket-white,womens,"Denim Jacket - White"
product,womens-faux-fur-coat-beige,womens,"Faux Fur Coat - Beige"
product,womens-faux-fur-coat-black,womens,"Faux Fur Coat - Black"
product,womens-faux-fur-coat-gray,womens,"Faux Fur Coat - Gray"
product,womens-heeled-sandals-black,womens,"Heeled Sandals - Black"
product,womens-heeled-sandals-gold,womens,"Heeled Sandals - Gold"
product,womens-heeled-sandals-nude,womens,"Heeled Sandals - Nude"
product,womens-knee-high-boots-black,womens,"Knee High Boots - Black"
product,womens-knee-high-boots-brown,womens,"Knee High Boots - Brown"
product,womens-knit-dress-beige,womens,"Knit Dress - Beige"
product,womens-knit-dress-black,womens,"Knit Dress - Black"
product,womens-knit-dress-gray,womens,"Knit Dress - Gray"
product,womens-knit-vest-cream,womens,"Knit Vest - Cream"
product,womens-knit-vest-gray,womens,"Knit Vest - Gray"
product,womens-knit-vest-navy,womens,"Knit Vest - Navy"
product,womens-leather-belt-black,womens,"Leather Belt - Black"
product,womens-leather-belt-brown,womens,"Leather Belt - Brown"
product,womens-leather-belt-tan,womens,"Leather Belt - Tan"
product,womens-leather-gloves-black,womens,"Leather Gloves - Black"
product,womens-leather-gloves-brown,womens,"Leather Gloves - Brown"
product,womens-leather-gloves-burgundy,womens,"Leather Gloves - Burgundy"
product,womens-leather-jacket-black,womens,"Leather Jacket - Black"
product,womens-leather-jacket-brown,womens,"Leather Jacket - Brown"
product,womens-leather-leggings-black,womens,"Leather Leggings - Black"
product,womens-leather-leggings-brown,womens,"Leather Leggings - Brown"
product,womens-leather-loafers-black,womens,"Leather Loafers - Black"
product,womens-leather-loafers-brown,womens,"Leather Loafers - Brown"
product,womens-leather-loafers-burgundy,womens,"Leather Loafers - Burgundy"
product,womens-leather-tote-black,womens,"Leather Tote Bag - Black"
product,womens-leather-tote-navy,womens,"Leather Tote Bag - Navy"
product,womens-leather-tote-tan,womens,"Leather Tote Bag - Tan"
product,womens-linen-shirt-beige,womens,"Linen Shirt - Beige"
product,womens-linen-shirt-blue,womens,"Linen Shirt - Blue"
product,womens-linen-shirt-white,womens,"Linen Shirt - White"
product,womens-maxi-dress-black,womens,"Maxi Dress - Black"
product,womens-maxi-dress-burgundy,womens,"Maxi Dress - Burgundy"
product,womens-maxi-dress-navy,womens,"Maxi Dress - Navy"
product,womens-oversized-knit-beige,womens,"Oversized Knit Sweater - Beige"
product,womens-oversized-knit-black,womens,"Oversized Knit Sweater - Black"
product,womens-oversized-knit-gray,womens,"Oversized Knit Sweater - Gray"
product,womens-peacoat-black,womens,"Peacoat - Black"
product,womens-peacoat-gray,womens,"Peacoat - Gray"
product,womens-peacoat-navy,womens,"Peacoat - Navy"
product,womens-pleated-skirt-beige,womens,"Pleated Skirt - Beige"
product,womens-puffer-jacket-black,womens,"Puffer Jacket - Black"
product,womens-puffer-jacket-navy,womens,"Puffer Jacket - Navy"
product,womens-puffer-jacket-olive,womens,"Puffer Jacket - Olive"
product,womens-ribbed-tank-top-beige,womens,"Ribbed Tank Top - Beige"
product,womens-ribbed-tank-top-black,womens,"Ribbed Tank Top - Black"
product,womens-ribbed-tank-top-white,womens,"Ribbed Tank Top - White"
product,womens-shirt-dress-beige,womens,"Shirt Dress - Beige"
product,womens-shirt-dress-blue,womens,"Shirt Dress - Blue"
product,womens-shirt-dress-white,womens,"Shirt Dress - White"
product,womens-shoulder-bag-olive,womens,"Shoulder Bag - Olive"
product,womens-shoulder-bag-tan,womens,"Shoulder Bag - Tan"
product,womens-silk-blouse-ivory,womens,"Silk Blouse - Ivory"
product,womens-silk-scarf-black,womens,"Silk Scarf - Black"
product,womens-silk-scarf-red,womens,"Silk Scarf - Red"
product,womens-slip-dress-champagne,womens,"Slip Dress - Champagne"
product,womens-slip-dress-navy,womens,"Slip Dress - Navy"
product,womens-sneakers-black,womens,"Leather Sneakers - Black"
product,womens-sneakers-navy,womens,"Leather Sneakers - Navy"
product,womens-sneakers-white,womens,"Leather Sneakers - White"
product,womens-sunglasses-black,womens,"Cat Eye Sunglasses - Black"
product,womens-sunglasses-gold,womens,"Cat Eye Sunglasses - Gold"
product,womens-sunglasses-tortoise,womens,"Cat Eye Sunglasses - Tortoise"
product,womens-tailored-trousers-black,womens,"Tailored Trousers - Black"
product,womens-tailored-trousers-gray,womens,"Tailored Trousers - Gray"
product,womens-tailored-trousers-navy,womens,"Tailored Trousers - Navy"
product,womens-trench-coat-beige,womens,"Trench Coat - Beige"
product,womens-trench-coat-black,womens,"Trench Coat - Black"
product,womens-trench-coat-navy,womens,"Trench Coat - Navy"
product,womens-turtleneck-black,womens,"Turtleneck Sweater - Black"
product,womens-turtleneck-cream,womens,"Turtleneck Sweater - Cream"
product,womens-turtleneck-gray,womens,"Turtleneck Sweater - Gray"
product,womens-windbreaker-black,womens,"Windbreaker - Black"
product,womens-windbreaker-navy,womens,"Windbreaker - Navy"
product,womens-windbreaker-pink,womens,"Windbreaker - Pink"
product,womens-wool-beanie-black,womens,"Wool Beanie - Black"
product,womens-wool-beanie-cream,womens,"Wool Beanie - Cream"
product,womens-wool-beanie-gray,womens,"Wool Beanie - Gray"
product,womens-wool-blend-coat-camel,womens,"Wool Blend Coat - Camel"
product,womens-wool-blend-coat-gray,womens,"Wool Blend Coat - Gray"
product,womens-wool-coat-black,womens,"Wool Coat - Black"
product,womens-wool-coat-camel,womens,"Wool Coat - Camel"
product,womens-wrap-dress-black,womens,"Wrap Dress - Black"
product,womens-wrap-dress-navy,womens,"Wrap Dress - Navy"
product,womens-wrap-dress-red,womens,"Wrap Dress - Red"
category,kids,categories,"Kids"
category,kids-accessories,categories,"Accessories"
category,kids-baby,categories,"Baby"
category,kids-boys,categories,"Boys"
category,kids-girls,categories,"Girls"
category,kids-new-in,categories,"New In"
category,kids-shoes,categories,"Shoes"
category,men,categories,"Men"
category,mens-accessories,categories,"Accessories"
category,mens-bags,categories,"Bags"
category,mens-knitwear,categories,"Knitwear"
category,mens-new-in,categories,"New In"
category,mens-outerwear,categories,"Outerwear"
category,mens-shirts,categories,"Shirts"
category,mens-shoes,categories,"Shoes"
category,mens-trousers,categories,"Trousers"
category,mens-tshirts-polos,categories,"T-Shirts & Polos"
category,root,categories,"Market Street"
category,women,categories,"Women"
category,womens-accessories,categories,"Accessories"
category,womens-bags,categories,"Bags"
category,womens-bottoms,categories,"Bottoms"
category,womens-dresses,categories,"Dresses"
category,womens-knitwear,categories,"Knitwear"
category,womens-new-in,categories,"New In"
category,womens-outerwear,categories,"Outerwear"
category,womens-shoes,categories,"Shoes"
category,womens-tops,categories,"Tops"
content,404-banner,content,"404 Error Banner"
content,footer-social-email,content,"Footer Social & Email"
content,home-free-shipping-orders-over-150,content,"Free Shipping Promo"
content,home-bottom-womens-shoes,content,"Homepage Bottom Womens Shoes"
content,home-categories,content,"Homepage Categories"
content,home-product-set-content,content,"Homepage Product Set"
content,home-main,content,"Homepage Hero"
content,noresults-help,content,"No Results Help"
content,search-result-banner,content,"Search Results Banner"
