type,id,category,status,notes
product,baby-cardigan-cream,baby,missing,
product,baby-cardigan-gray,baby,missing,
product,baby-cardigan-pink,baby,missing,
product,baby-dress-pink,baby,missing,
product,baby-dress-white,baby,missing,
product,baby-dress-yellow,baby,missing,
product,baby-onesie-blue,baby,missing,
product,baby-onesie-pink,baby,missing,
product,baby-onesie-white,baby,missing,
product,baby-pants-cream,baby,missing,
product,baby-pants-gray,baby,missing,
product,baby-pants-navy,baby,missing,
product,baby-romper-gray,baby,missing,
product,baby-romper-mint,baby,missing,
product,baby-romper-yellow,baby,missing,
product,boys-button-shirt-blue,boys,missing,
product,boys-button-shirt-navy,boys,missing,
product,boys-button-shirt-white,boys,missing,
product,boys-chino-pants-beige,boys,missing,
product,boys-chino-pants-gray,boys,missing,
product,boys-chino-pants-navy,boys,missing,
product,boys-polo-shirt-navy,boys,missing,
product,boys-polo-shirt-red,boys,missing,
product,boys-polo-shirt-white,boys,missing,
product,boys-shorts-gray,boys,missing,
product,boys-shorts-navy,boys,missing,
product,boys-shorts-olive,boys,missing,
product,boys-sweater-burgundy,boys,missing,
product,boys-sweater-gray,boys,missing,
product,boys-sweater-navy,boys,missing,
product,girls-cardigan-cream,girls,missing,
product,girls-cardigan-gray,girls,missing,
product,girls-cardigan-pink,girls,missing,
product,girls-denim-jeans-black,girls,missing,
product,girls-denim-jeans-blue,girls,missing,
product,girls-floral-dress-blue,girls,missing,
product,girls-floral-dress-pink,girls,missing,
product,girls-floral-dress-yellow,girls,missing,
product,girls-leggings-black,girls,missing,
product,girls-leggings-pink,girls,missing,
product,girls-leggings-purple,girls,missing,
product,girls-tutu-skirt-blue,girls,missing,
product,girls-tutu-skirt-pink,girls,missing,
product,girls-tutu-skirt-purple,girls,missing,
product,kids-backpack-gray,kids,missing,
product,kids-backpack-navy,kids,missing,
product,kids-backpack-pink,kids,missing,
product,kids-beanie-gray,kids,missing,
product,kids-beanie-navy,kids,missing,
product,kids-beanie-pink,kids,missing,
product,kids-belt-black,kids,missing,
product,kids-belt-brown,kids,missing,
product,kids-belt-navy,kids,missing,
product,kids-boots-black,kids,missing,
product,kids-boots-brown,kids,missing,
product,kids-boots-pink,kids,missing,
product,kids-denim-jacket-black,kids,missing,
product,kids-denim-jacket-blue,kids,missing,
product,kids-gloves-black,kids,missing,
product,kids-gloves-gray,kids,missing,
product,kids-gloves-pink,kids,missing,
product,kids-graphic-tee-blue,kids,missing,
product,kids-graphic-tee-gray,kids,missing,
product,kids-graphic-tee-white,kids,missing,
product,kids-hoodie-gray,kids,missing,
product,kids-hoodie-navy,kids,missing,
product,kids-hoodie-pink,kids,missing,
product,kids-joggers-black,kids,missing,
product,kids-joggers-gray,kids,missing,
product,kids-joggers-navy,kids,missing,
product,kids-mary-janes-black,kids,missing,
product,kids-mary-janes-brown,kids,missing,
product,kids-mary-janes-pink,kids,missing,
product,kids-puffer-jacket-black,kids,missing,
product,kids-puffer-jacket-navy,kids,missing,
product,kids-puffer-jacket-pink,kids,missing,
product,kids-sandals-brown,kids,missing,
product,kids-sandals-navy,kids,missing,
product,kids-sandals-pink,kids,missing,
product,kids-scarf-gray,kids,missing,
product,kids-scarf-navy,kids,missing,
product,kids-scarf-red,kids,missing,
product,kids-slip-ons-black,kids,missing,
product,kids-slip-ons-gray,kids,missing,
product,kids-slip-ons-navy,kids,missing,
product,kids-sneakers-black,kids,missing,
product,kids-sneakers-navy,kids,missing,
product,kids-sneakers-white,kids,missing,
product,mens-backpack-black,mens,missing,
product,mens-backpack-brown,mens,missing,
product,mens-backpack-navy,mens,missing,
product,mens-bomber-jacket-olive,mens,missing,
product,mens-cable-knit-cream,mens,missing,
product,mens-cable-knit-gray,mens,missing,
product,mens-cable-knit-navy,mens,missing,
product,mens-cardigan-black,mens,missing,
product,mens-cardigan-gray,mens,missing,
product,mens-cardigan-navy,mens,missing,
product,mens-cargo-pants-beige,mens,missing,
product,mens-cargo-pants-black,mens,missing,
product,mens-cargo-pants-olive,mens,missing,
product,mens-chelsea-boots-black,mens,missing,
product,mens-chelsea-boots-brown,mens,missing,
product,mens-chelsea-boots-tan,mens,missing,
product,mens-denim-jacket-gray,mens,missing,
product,mens-denim-shirt-black,mens,missing,
product,mens-denim-shirt-blue,mens,missing,
product,mens-denim-shirt-gray,mens,missing,
product,mens-desert-boots-black,mens,missing,
product,mens-desert-boots-brown,mens,missing,
product,mens-desert-boots-sand,mens,missing,
product,mens-dress-shirt-black,mens,missing,
product,mens-dress-shirt-blue,mens,missing,
product,mens-dress-shirt-white,mens,missing,
product,mens-essential-tee-black,mens,missing,
product,mens-essential-tee-gray,mens,missing,
product,mens-essential-tee-navy,mens,missing,
product,mens-essential-tee-white,mens,missing,
product,mens-flannel-shirt-blue,mens,missing,
product,mens-flannel-shirt-gray,mens,missing,
product,mens-flannel-shirt-red,mens,missing,
product,mens-henley-gray,mens,missing,
product,mens-henley-navy,mens,missing,
product,mens-henley-white,mens,missing,
product,mens-joggers-black,mens,missing,
product,mens-joggers-gray,mens,missing,
product,mens-joggers-navy,mens,missing,
product,mens-knit-polo-black,mens,missing,
product,mens-knit-polo-gray,mens,missing,
product,mens-knit-polo-navy,mens,missing,
product,mens-leather-belt-tan,mens,missing,
product,mens-leather-briefcase-black,mens,missing,
product,mens-leather-briefcase-brown,mens,missing,
product,mens-leather-briefcase-tan,mens,missing,
product,mens-leather-jacket-black,mens,missing,
product,mens-leather-jacket-brown,mens,missing,
product,mens-leather-oxford-black,mens,missing,
product,mens-leather-oxford-brown,mens,missing,
product,mens-leather-oxford-tan,mens,missing,
product,mens-leather-sneakers-black,mens,missing,
product,mens-leather-sneakers-navy,mens,missing,
product,mens-leather-sneakers-white,mens,missing,
product,mens-leather-wallet-black,mens,missing,
product,mens-leather-wallet-brown,mens,missing,
product,mens-leather-wallet-navy,mens,missing,
product,mens-linen-shirt-beige,mens,missing,
product,mens-linen-shirt-navy,mens,missing,
product,mens-linen-shirt-white,mens,missing,
product,mens-linen-trousers-beige,mens,missing,
product,mens-linen-trousers-navy,mens,missing,
product,mens-linen-trousers-white,mens,missing,
product,mens-long-sleeve-polo-black,mens,missing,
product,mens-long-sleeve-polo-burgundy,mens,missing,
product,mens-long-sleeve-polo-navy,mens,missing,
product,mens-merino-sweater-black,mens,missing,
product,mens-merino-sweater-gray,mens,missing,
product,mens-merino-sweater-navy,mens,missing,
product,mens-messenger-bag-black,mens,missing,
product,mens-messenger-bag-brown,mens,missing,
product,mens-messenger-bag-olive,mens,missing,
product,mens-pique-polo-black,mens,missing,
product,mens-pique-polo-navy,mens,missing,
product,mens-pique-polo-red,mens,missing,
product,mens-pique-polo-white,mens,missing,
product,mens-puffer-jacket-black,mens,missing,
product,mens-puffer-jacket-navy,mens,missing,
product,mens-puffer-jacket-olive,mens,missing,
product,mens-relaxed-fit-tee-black,mens,missing,
product,mens-relaxed-fit-tee-navy,mens,missing,
product,mens-relaxed-fit-tee-white,mens,missing,
product,mens-running-shoes-black,mens,missing,
product,mens-running-shoes-gray,mens,missing,
product,mens-running-shoes-white,mens,missing,
product,mens-silk-tie-black,mens,missing,
product,mens-silk-tie-burgundy,mens,missing,
product,mens-silk-tie-navy,mens,missing,
product,mens-slim-chinos-beige,mens,missing,
product,mens-slim-chinos-navy,mens,missing,
product,mens-slim-chinos-olive,mens,missing,
product,mens-straight-jeans-black,mens,missing,
product,mens-straight-jeans-blue,mens,missing,
product,mens-straight-jeans-gray,mens,missing,
product,mens-striped-tee-black,mens,missing,
product,mens-striped-tee-navy,mens,missing,
product,mens-striped-tee-red,mens,missing,
product,mens-suede-loafers-black,mens,missing,
product,mens-suede-loafers-brown,mens,missing,
product,mens-suede-loafers-navy,mens,missing,
product,mens-sunglasses-black,mens,missing,
product,mens-sunglasses-gold,mens,missing,
product,mens-sunglasses-silver,mens,missing,
product,mens-tailored-blazer-black,mens,missing,
product,mens-tailored-blazer-gray,mens,missing,
product,mens-tailored-blazer-navy,mens,missing,
product,mens-tailored-trousers-black,mens,missing,
product,mens-tailored-trousers-gray,mens,missing,
product,mens-tailored-trousers-navy,mens,missing,
product,mens-toiletry-bag-black,mens,missing,
product,mens-toiletry-bag-brown,mens,missing,
product,mens-toiletry-bag-tan,mens,missing,
product,mens-trench-coat-beige,mens,missing,
product,mens-trench-coat-black,mens,missing,
product,mens-trench-coat-navy,mens,missing,
product,mens-turtleneck-black,mens,missing,
product,mens-turtleneck-cream,mens,missing,
product,mens-turtleneck-navy,mens,missing,
product,mens-weekend-bag-black,mens,missing,
product,mens-weekend-bag-brown,mens,missing,
product,mens-weekend-bag-navy,mens,missing,
product,mens-wool-overcoat-black,mens,missing,
product,mens-wool-overcoat-camel,mens,missing,
product,mens-wool-overcoat-navy,mens,missing,
product,mens-wool-scarf-burgundy,mens,missing,
product,mens-wool-scarf-gray,mens,missing,
product,mens-wool-scarf-navy,mens,missing,
product,mens-zip-sweater-black,mens,missing,
product,mens-zip-sweater-gray,mens,missing,
product,mens-zip-sweater-navy,mens,missing,
product,womens-backpack-black,womens,missing,
product,womens-backpack-brown,womens,missing,
product,womens-backpack-navy,womens,missing,
product,womens-ballet-flats-black,womens,missing,
product,womens-ballet-flats-nude,womens,missing,
product,womens-ballet-flats-red,womens,missing,
product,womens-bodysuit-black,womens,missing,
product,womens-bodysuit-nude,womens,missing,
product,womens-bodysuit-white,womens,missing,
product,womens-bomber-jacket-black,womens,missing,
product,womens-bomber-jacket-navy,womens,missing,
product,womens-bomber-jacket-olive,womens,missing,
product,womens-cable-knit-cardigan-cream,womens,missing,
product,womens-cable-knit-cardigan-gray,womens,missing,
product,womens-cable-knit-cardigan-navy,womens,missing,
product,womens-cargo-pants-beige,womens,missing,
product,womens-cargo-pants-black,womens,missing,
product,womens-cargo-pants-olive,womens,missing,
product,womens-cashmere-sweater-black,womens,missing,
product,womens-cashmere-sweater-camel,womens,missing,
product,womens-cashmere-sweater-gray,womens,missing,
product,womens-clutch-black,womens,missing,
product,womens-clutch-gold,womens,missing,
product,womens-clutch-silver,womens,missing,
product,womens-cotton-tee-black,womens,missing,
product,womens-cotton-tee-gray,womens,missing,
product,womens-cotton-tee-navy,womens,missing,
product,womens-cotton-tee-white,womens,missing,
product,womens-crop-top-black,womens,missing,
product,womens-crop-top-pink,womens,missing,
product,womens-crop-top-white,womens,missing,
product,womens-cropped-cardigan-pink,womens,missing,
product,womens-crossbody-bag-black,womens,missing,
product,womens-crossbody-bag-brown,womens,missing,
product,womens-crossbody-bag-burgundy,womens,missing,
product,womens-denim-jacket-black,womens,missing,
product,womens-denim-jacket-blue,womens,missing,
product,womens-denim-jacket-white,womens,missing,
product,womens-faux-fur-coat-beige,womens,missing,
product,womens-faux-fur-coat-black,womens,missing,
product,womens-faux-fur-coat-gray,womens,missing,
product,womens-heeled-sandals-black,womens,missing,
product,womens-heeled-sandals-gold,womens,missing,
product,womens-heeled-sandals-nude,womens,missing,
product,womens-high-waist-jeans-black,womens,missing,
product,womens-high-waist-jeans-blue,womens,missing,
product,womens-high-waist-jeans-white,womens,missing,
product,womens-knee-high-boots-black,womens,missing,
product,womens-knee-high-boots-brown,womens,missing,
product,womens-knit-dress-beige,womens,missing,
product,womens-knit-dress-black,womens,missing,
product,womens-knit-dress-gray,womens,missing,
product,womens-knit-vest-cream,womens,missing,
product,womens-knit-vest-gray,womens,missing,
product,womens-knit-vest-navy,womens,missing,
product,womens-leather-belt-black,womens,missing,
product,womens-leather-belt-brown,womens,missing,
product,womens-leather-belt-tan,womens,missing,
product,womens-leather-gloves-black,womens,missing,
product,womens-leather-gloves-brown,womens,missing,
product,womens-leather-gloves-burgundy,womens,missing,
product,womens-leather-jacket-black,womens,missing,
product,womens-leather-jacket-brown,womens,missing,
product,womens-leather-leggings-black,womens,missing,
product,womens-leather-leggings-brown,womens,missing,
product,womens-leather-loafers-black,womens,missing,
product,womens-leather-loafers-brown,womens,missing,
product,womens-leather-loafers-burgundy,womens,missing,
product,womens-leather-tote-black,womens,missing,
product,womens-leather-tote-navy,womens,missing,
product,womens-leather-tote-tan,womens,missing,
product,womens-linen-shirt-beige,womens,missing,
product,womens-linen-shirt-blue,womens,missing,
product,womens-linen-shirt-white,womens,missing,
product,womens-maxi-dress-black,womens,missing,
product,womens-maxi-dress-burgundy,womens,missing,
product,womens-maxi-dress-navy,womens,missing,
product,womens-oversized-knit-beige,womens,missing,
product,womens-oversized-knit-black,womens,missing,
product,womens-oversized-knit-gray,womens,missing,
product,womens-peacoat-black,womens,missing,
product,womens-peacoat-gray,womens,missing,
product,womens-peacoat-navy,womens,missing,
product,womens-pleated-skirt-beige,womens,missing,
product,womens-pleated-skirt-black,womens,missing,
product,womens-pleated-skirt-navy,womens,missing,
product,womens-puffer-jacket-black,womens,missing,
product,womens-puffer-jacket-navy,womens,missing,
product,womens-puffer-jacket-olive,womens,missing,
product,womens-ribbed-tank-top-beige,womens,missing,
product,womens-ribbed-tank-top-black,womens,missing,
product,womens-ribbed-tank-top-white,womens,missing,
product,womens-shirt-dress-beige,womens,missing,
product,womens-shirt-dress-blue,womens,missing,
product,womens-shirt-dress-white,womens,missing,
product,womens-shoulder-bag-black,womens,missing,
product,womens-shoulder-bag-olive,womens,missing,
product,womens-shoulder-bag-tan,womens,missing,
product,womens-silk-blouse-ivory,womens,missing,
product,womens-silk-scarf-black,womens,missing,
product,womens-silk-scarf-navy,womens,missing,
product,womens-silk-scarf-red,womens,missing,
product,womens-slip-dress-black,womens,missing,
product,womens-slip-dress-champagne,womens,missing,
product,womens-slip-dress-navy,womens,missing,
product,womens-sneakers-black,womens,missing,
product,womens-sneakers-navy,womens,missing,
product,womens-sneakers-white,womens,missing,
product,womens-sunglasses-black,womens,missing,
product,womens-sunglasses-gold,womens,missing,
product,womens-sunglasses-tortoise,womens,missing,
product,womens-tailored-trousers-black,womens,missing,
product,womens-tailored-trousers-gray,womens,missing,
product,womens-tailored-trousers-navy,womens,missing,
product,womens-trench-coat-beige,womens,missing,
product,womens-trench-coat-black,womens,missing,
product,womens-trench-coat-navy,womens,missing,
product,womens-turtleneck-black,womens,missing,
product,womens-turtleneck-cream,womens,missing,
product,womens-turtleneck-gray,womens,missing,
product,womens-windbreaker-black,womens,missing,
product,womens-windbreaker-navy,womens,missing,
product,womens-windbreaker-pink,womens,missing,
product,womens-wool-beanie-black,womens,missing,
product,womens-wool-beanie-cream,womens,missing,
product,womens-wool-beanie-gray,womens,missing,
product,womens-wool-blend-coat-camel,womens,missing,
product,womens-wool-blend-coat-gray,womens,missing,
product,womens-wool-coat-black,womens,missing,
product,womens-wool-coat-camel,womens,missing,
product,womens-wool-coat-navy,womens,missing,
product,womens-wrap-dress-black,womens,missing,
product,womens-wrap-dress-navy,womens,missing,
product,womens-wrap-dress-red,womens,missing,
category,kids,categories,missing,Kids
category,kids-accessories,categories,missing,Accessories
category,kids-baby,categories,missing,Baby
category,kids-boys,categories,missing,Boys
category,kids-girls,categories,missing,Girls
category,kids-new-in,categories,missing,New In
category,kids-shoes,categories,missing,Shoes
category,men,categories,missing,Men
category,mens-accessories,categories,missing,Accessories
category,mens-bags,categories,missing,Bags
category,mens-knitwear,categories,missing,Knitwear
category,mens-new-in,categories,missing,New In
category,mens-outerwear,categories,missing,Outerwear
category,mens-shirts,categories,missing,Shirts
category,mens-shoes,categories,missing,Shoes
category,mens-trousers,categories,missing,Trousers
category,mens-tshirts-polos,categories,missing,T-Shirts & Polos
category,root,categories,missing,Market Street
category,women,categories,missing,Women
category,womens-accessories,categories,missing,Accessories
category,womens-bags,categories,missing,Bags
category,womens-bottoms,categories,missing,Bottoms
category,womens-dresses,categories,missing,Dresses
category,womens-knitwear,categories,missing,Knitwear
category,womens-new-in,categories,missing,New In
category,womens-outerwear,categories,missing,Outerwear
category,womens-shoes,categories,missing,Shoes
category,womens-tops,categories,missing,Tops
content,404-banner,content,missing,404 Error Banner
content,footer-social-email,content,missing,Footer Social & Email
content,home-free-shipping-orders-over-150,content,missing,Free Shipping Promo
content,home-bottom-womens-shoes,content,missing,Homepage Bottom Womens Shoes
content,home-categories,content,missing,Homepage Categories
content,home-product-set-content,content,missing,Homepage Product Set
content,home-main,content,missing,Homepage Hero
content,noresults-help,content,missing,No Results Help
content,search-result-banner,content,missing,Search Results Banner
